{
    "Brentford": [
        3.0021000002,
        4.0021000002,
        5.0021000003,
        5.0011000003,
        8.0031000005,
        9.0031000008,
        12.004100001,
        12.003100001,
        12.0021000011,
        12.0001000012,
        12.0000990013,
        13.0000990016,
        16.0001000017,
        16.0000980017,
        17.0000980019,
        20.0000990021,
        20.0000970022,
        20.0000940023,
        20.0000920023,
        20.0000910023,
        23.0000920025,
        23.0000890025,
        23.0000880026,
        23.0000860026,
        24.0000860026,
        24.0000850027,
        24.0000830027,
        27.000085003,
        30.0000870032,
        30.0000860033,
        33.0000890037,
        36.0000910039,
        39.0000920041,
        40.0000920041,
        40.0000890041,
        43.0000920044,
        46.0000930047,
        46.0000920048
    ],
    "Manchester Utd": [
        3.0041000005,
        4.0041000006,
        7.0051000007,
        10.0081000011,
        13.0091000013,
        13.0081000013,
        14.0081000014,
        14.0061000016,
        14.0011000016,
        17.0041000019,
        17.0021000019,
        17.000099002,
        18.0000990021,
        21.0001000024,
        24.0011000025,
        27.0021000026,
        30.0041000029,
        33.0061000031,
        34.0061000032,
        37.0081000035,
        37.0071000035,
        38.0071000037,
        41.0081000038,
        42.0081000039,
        43.008100004,
        46.0101000044,
        47.0101000044,
        47.0071000045,
        50.0081000048,
        50.0041000048,
        51.0041000049,
        51.0031000049,
        54.0041000052,
        54.0021000053,
        57.0051000056,
        57.0011000056,
        58.0011000057,
        58.0001000057
    ],
    "Leicester City": [
        3.0011000001,
        3.0000980002,
        6.0000990004,
        6.0000980004,
        6.0000970005,
        7.0000970007,
        8.0000970009,
        11.0000990013,
        14.0001000015,
        14.0000980015,
        15.0000980016,
        15.0000950016,
        18.000097002,
        19.0000970022,
        19.0000960023,
        22.0001000027,
        22.0000990029,
        23.000099003,
        23.0000960033,
        26.0000970034,
        26.0000970034,
        29.0000990036,
        30.0000990037,
        30.0000970037,
        31.0000970039,
        31.000096004,
        31.000096004,
        34.0000970041,
        34.0000950041,
        37.0000960043,
        38.0000960044,
        41.0000970046,
        45.0000990051,
        46.0000990051,
        46.0000970052,
        46.0000960053,
        49.0001000058,
        52.0031000062
    ],
    "Burnley": [
        9.90001e-05,
        9.70001e-05,
        1.0000970002,
        1.0000950003,
        1.0000940003,
        2.0000940005,
        3.0000940005,
        3.0000920005,
        4.0000920007,
        7.000094001,
        8.0000940011,
        9.0000940014,
        12.0000950015,
        13.0000950015,
        13.0000940015,
        14.0000940015,
        15.0000940015,
        15.0000940015,
        18.0000950018,
        18.0000930019,
        18.000091002,
        18.000089002,
        19.000089002,
        20.0000890021,
        20.0000880021,
        23.0000910024,
        24.0000910025,
        24.0000870025,
        24.0000850025,
        27.0000870027,
        27.0000850027,
        27.0000830027,
        29.0000830029,
        32.000084003,
        35.0000850032,
        35.0000830033,
        35.0000820033,
        35.0000810034
    ],
    "Chelsea": [
        3.0031000003,
        6.0051000005,
        7.0051000006,
        10.0081000009,
        13.0111000012,
        13.0101000012,
        16.0121000015,
        19.0131000016,
        22.0201000023,
        25.0231000026,
        26.0231000027,
        29.026100003,
        30.0261000031,
        33.0271000033,
        33.0261000035,
        36.0271000038,
        37.0271000039,
        38.0251000041,
        44.0291000047,
        45.0291000048,
        46.029100005,
        46.028100005,
        49.0301000052,
        50.0301000053,
        50.0301000053,
        53.0311000054,
        53.0311000054,
        56.0351000058,
        59.0361000059,
        59.0361000059,
        59.033100006,
        62.0391000066,
        66.042100007,
        69.0431000071,
        69.0421000071,
        70.0421000073,
        71.0421000074,
        74.0431000076
    ],
    "Watford": [
        3.0011000003,
        3.0000990003,
        3.0000980003,
        3.0000960003,
        6.0000980006,
        7.0000980007,
        7.0000970007,
        7.0000920007,
        10.0000950012,
        10.0000940012,
        10.0000930012,
        13.0000960016,
        13.0000910019,
        13.000090002,
        13.0000880021,
        13.0000870022,
        14.0000870022,
        14.0000870022,
        14.0000830022,
        14.0000800023,
        14.0000790023,
        15.0000790024,
        15.0000760024,
        15.0000750024,
        15.0000730024,
        18.0000740025,
        19.0000740025,
        19.0000730027,
        22.0000740029,
        22.0000740029,
        22.0000720029,
        22.0000690029,
        23.000068003,
        23.0000640031,
        23.0000630032,
        23.0000620032,
        23.0000580033,
        23.0000570034
    ],
    "Everton": [
        3.0021000003,
        4.0021000005,
        7.0041000007,
        10.006100001,
        10.003100001,
        13.0051000012,
        14.0051000013,
        14.0041000013,
        14.0011000015,
        14.0001000016,
        15.0001000016,
        15.0000970016,
        15.0000960016,
        15.0000930017,
        18.0000940019,
        18.000092002,
        19.0000920021,
        20.0000920022,
        20.0000910024,
        23.0000920025,
        23.0000910027,
        23.0000900028,
        23.0000890028,
        23.0000870029,
        26.0000900032,
        26.0000880032,
        26.0000870032,
        26.0000820032,
        26.0000810032,
        26.0000810032,
        26.0000800033,
        29.0000810034,
        33.0000820037,
        33.0000800037,
        36.0000810038,
        39.000082004,
        39.0000810042,
        39.0000770043
    ],
    "Norwich City": [
        9.7e-05,
        9.2e-05,
        9.10001e-05,
        9.00001e-05,
        8.80002e-05,
        8.60002e-05,
        1.0000860002,
        2.0000860002,
        2.0000790002,
        2.0000780003,
        5.0000790005,
        8.0000800007,
        9.0000800007,
        10.0000800008,
        10.0000770008,
        10.0000760008,
        10.0000740008,
        10.0000720008,
        10.0000650009,
        10.0000620009,
        10.0000620009,
        13.0000630011,
        16.0000660014,
        17.0000660015,
        17.0000620015,
        17.0000600016,
        17.0000580016,
        17.0000560017,
        17.0000550018,
        17.0000550018,
        18.0000550018,
        21.000057002,
        21.0000530022,
        21.0000500022,
        21.0000480022,
        21.0000440022,
        22.0000440023,
        22.0000390023
    ],
    "Newcastle Utd": [
        9.80002e-05,
        9.60002e-05,
        1.0000960004,
        1.0000930005,
        2.0000930006,
        3.0000930007,
        3.0000920008,
        3.000091001,
        4.0000910011,
        4.0000880011,
        5.0000880012,
        6.0000880015,
        6.0000860015,
        7.0000860016,
        10.0000870017,
        10.0000830017,
        10.0000810018,
        13.0000780019,
        17.0000790022,
        17.0000780022,
        17.0000780022,
        18.0000780023,
        21.0000790024,
        24.0000810027,
        27.0000820028,
        28.0000820029,
        31.0000840031,
        34.0000850033,
        34.0000840033,
        34.0000840033,
        34.0000800034,
        37.0000810035,
        40.0000820037,
        43.000085004,
        43.000084004,
        43.000079004,
        46.0000810042,
        49.0000820044
    ],